{
    "hidden": true,
    "type": "origins:multiple",
    "strong_against": {
        "condition": {
            "type": "origins:and",
            "conditions": [
                {
                    "type": "origins:resource",
                    "resource": "serperior:serperior_leaf_storm_fuel_fuel_bar",
                    "comparison": ">",
                    "compare_to": 0
                }
            ]
        },
        "type": "origins:active_self",
        "entity_action": {
            "type": "origins:and",
            "actions": [
                {
                    "type": "origins:area_of_effect",
                    "radius": 12,
                    "bientity_condition": {
                        "type": "origins:target_condition",
                        "condition": {
                            "type": "origins:and",
                            "conditions": [
                                {
                                    "type": "origins:living"
                                },
                                {
                                    "type": "origins:origin",
                                    "origin": "lapras:lapras"
                                }
                            ]
                        }
                    },
                    "bientity_action": {
                        "type": "origins:and",
                        "actions": [
                            {
                                "type": "origins:add_velocity",
                                "x": 0.03,
                                "y": 0.01,
                                "z": -0.03,
                                "client": true,
                                "server": true
                            },
                            {
                                "type": "origins:damage",
                                "amount": 6,
                                "damage_type": "minecraft:fly_into_wall"
                            },
                            {
                                "type": "origins:target_action",
                                "action": {
                                    "type": "origins:apply_effect",
                                    "effect": {
                                        "effect": "minecraft:weakness",
                                        "duration": 100,
                                        "amplifier": 0,
                                        "show_particles": true,
                                        "show_icon": true
                                    }
                                }
                            }
                        ]
                    }
                }
            ]
        },
        "cooldown": 1,
        "hud_render": {
            "should_render": false
        },
        "key": {
            "key": "key.origins.primary_active",
            "continuous": true
        }
    },
    "weak_against": {
        "condition": {
            "type": "origins:and",
            "conditions": [
                {
                    "type": "origins:resource",
                    "resource": "serperior:serperior_leaf_storm_fuel_fuel_bar",
                    "comparison": ">",
                    "compare_to": 0
                }
            ]
        },
        "type": "origins:active_self",
        "entity_action": {
            "type": "origins:and",
            "actions": [
                {
                    "type": "origins:area_of_effect",
                    "radius": 12,
                    "bientity_condition": {
                        "type": "origins:target_condition",
                        "condition": {
                            "type": "origins:and",
                            "conditions": [
                                {
                                    "type": "origins:living"
                                },
                                {
                                    "type": "origins:or",
                                    "conditions": [
                                        {
                                            "type": "origins:origin",
                                            "origin": "charizard:charizard"
                                        },
                                        {
                                            "type": "origins:origin",
                                            "origin": "serperior:serperior"
                                        }
                                    ]
                                }
                            ]
                        }
                    },
                    "bientity_action": {
                        "type": "origins:and",
                        "actions": [
                            {
                                "type": "origins:add_velocity",
                                "x": 0.03,
                                "y": 0.01,
                                "z": -0.03,
                                "client": true,
                                "server": true
                            },
                            {
                                "type": "origins:damage",
                                "amount": 2,
                                "damage_type": "minecraft:fly_into_wall"
                            },
                            {
                                "type": "origins:target_action",
                                "action": {
                                    "type": "origins:apply_effect",
                                    "effect": {
                                        "effect": "minecraft:weakness",
                                        "duration": 100,
                                        "amplifier": 0,
                                        "show_particles": true,
                                        "show_icon": true
                                    }
                                }
                            }
                        ]
                    }
                }
            ]
        },
        "cooldown": 1,
        "hud_render": {
            "should_render": false
        },
        "key": {
            "key": "key.origins.primary_active",
            "continuous": true
        }
    }
}